<?xml version="1.0" encoding="UTF-8"?>
<project-private xmlns="http://www.netbeans.org/ns/project-private/1">
    <editor-bookmarks xmlns="http://www.netbeans.org/ns/editor-bookmarks/2" lastBookmarkId="1">
        <file>
            <url>src/coleccions/Peatge.java</url>
            <bookmark id="1">
                <name/>
                <line>41</line>
                <key/>
            </bookmark>
        </file>
    </editor-bookmarks>
    <open-files xmlns="http://www.netbeans.org/ns/projectui-open-files/2">
        <group>
            <file>file:/media/juquitusdev/dades/M3/UF5/NetbeansProjects/Coleccions/src/coleccions/Main.java</file>
            <file>file:/media/juquitusdev/dades/M3/UF5/NetbeansProjects/Coleccions/src/coleccions/Peatge.java</file>
            <file>file:/media/juquitusdev/dades/M3/UF5/NetbeansProjects/Coleccions/src/coleccions/Cotxe.java</file>
            <file>file:/media/juquitusdev/dades/M3/UF5/NetbeansProjects/Coleccions/src/coleccions/Caixa.java</file>
        </group>
    </open-files>
</project-private>
